,layer_size,param_num,accuracy_difference
0,1000,9261010,0.18049997091293335
1,1125,11684260,0.22280001640319824
2,1250,14388760,0.17869997024536133
3,1375,17374510,0.17430001497268677
4,1500,20641510,0.18870002031326294
5,1625,24189760,0.1937999725341797
6,1750,28019260,0.17710000276565552
7,1875,32130010,0.23400002717971802
8,2000,36522010,0.19019997119903564
