,layer_size,param_num,accuracy_difference
0,16,6490,0.2669000029563904
1,32,17578,0.22079998254776
2,48,33274,0.24879997968673706
3,64,53578,0.28390002250671387
4,80,78490,0.227400004863739
5,96,108010,0.21950000524520874
6,112,142138,0.24080002307891846
7,128,180874,0.20789998769760132
