,layer_size,accuracy_difference
1,20000,0.10790002346038818
2,25000,0.10460001230239868
3,30000,0.10430002212524414
4,35000,0.10460001230239868
5,40000,0.10460001230239868
6,45000,0.10329997539520264
7,50000,0.10149997472763062
